name,x_pdf,y_pdf,lat,lng
point_1,629.4,444.3,53.64700482039943,-113.49115019814718
point_2,359.5,566.9,53.6170818533457,-113.60061440842358
point_3,216.8,880.8,53.541237462674495,-113.65913326473056
point_4,401.3,1338.6,53.43070305972735,-113.58286293579624
point_5,929.7,1139.9,53.47944144385002,-113.36888749340388
point_6,992.4,885.2,53.540513044017835,-113.34263744550287
point_7,956.7,565.7,53.61692614263177,-113.35859541247936
point_8,626.8,759.8,53.57045008248741,-113.4920877301893
point_9,415.3,971.2,53.51942753500917,-113.57804544685665
point_10,815.7,1357.6,53.42577091528741,-113.41690297302472
point_11,816.6,1331.5,53.43328040888918,-113.4165958560087
point_12,815.7,1662.7,53.3524304533532,-113.4151605163936
point_13,623.3,1132.0,53.480423793511264,-113.49428740943439
